<?xml version="1.0" encoding="UTF-8"?>
<project-private xmlns="http://www.netbeans.org/ns/project-private/1">
    <editor-bookmarks xmlns="http://www.netbeans.org/ns/editor-bookmarks/2" lastBookmarkId="0"/>
    <open-files xmlns="http://www.netbeans.org/ns/projectui-open-files/2">
        <group>
            <file>file:/G:/My%20Drive/00.%20Tingkat%202/Pemrograman%20Berorientasi%20Objek/Week%2011/Teori/Latihan%20GUI/src/latihan/gui/EntryPanel.java</file>
            <file>file:/G:/My%20Drive/00.%20Tingkat%202/Pemrograman%20Berorientasi%20Objek/Week%2011/Teori/Latihan%20GUI/src/latihan/gui/MainFrame.java</file>
            <file>file:/G:/My%20Drive/00.%20Tingkat%202/Pemrograman%20Berorientasi%20Objek/Week%2011/Teori/Latihan%20GUI/src/latihan/gui/LoginPanel.java</file>
        </group>
    </open-files>
</project-private>
